"E_km","N_km","group"
369.680005959274,6895.57189670099,1
377.988684712546,6784.05976760854,1
401.561163185866,6783.10009323324,1
490.094325049204,6781.88441915042,1
496.291706160374,6707.19833378892,1
540.650797006748,6707.3257128819,1
571.54530178644,6708.0120272118,1
608.958335177523,6709.19070081831,1
646.737377281766,6710.29270302902,1
750.93060238295,6716.02567766975,1
750.91462211363,6715.88086538879,1
750.909618677014,6715.80532799395,1
750.516416119789,6713.55116335987,1
748.627584636182,6708.9515240623,1
747.604472618169,6707.76429583311,1
747.131098693399,6706.61450794752,1
746.182370329047,6704.31599015407,1
743.030497380872,6701.86901306966,1
740.901798526783,6700.60964992023,1
738.699280485178,6700.46406805495,1
736.017727988822,6699.17187481278,1
734.436883354373,6697.95235455289,1
732.783635289366,6697.84589729461,1
730.649326292486,6696.59312056354,1
729.617619619354,6695.41127150131,1
727.963231583577,6695.30714112104,1
725.274594501035,6694.02262011985,1
723.135670128657,6692.77445558082,1
720.928645910837,6692.63963595388,1
718.788429699003,6691.39365441893,1
716.57972058631,6691.26153084202,1
713.884577247819,6689.98597145987,1
712.292737282708,6688.77628744478,1
700.691580523796,6688.11856916432,1
699.094957792881,6686.91526158184,1
697.98937896764,6686.85508339153,1
696.943907642026,6685.68224343207,1
696.391363000795,6685.65248194916,1
695.897695832182,6684.51025674822,1
695.404570248592,6683.36818000497,1
695.464139544871,6682.25525576241,1
694.970486030508,6681.11318088146,1
695.583315511883,6680.0299330594,1
695.089254219221,6678.88788728785,1
695.208059625201,6676.66260453342,1
688.059909181912,6675.17215086159,1
691.06385390559,6638.51078722844,1
754.880254810768,6642.3498838572,1
755.516177240151,6641.27661704229,1
758.315117011846,6641.47069799459,1
758.95219432122,6640.39770749818,1
761.192274773427,6640.5547823418,1
765.989989472525,6636.42600550372,1
766.630042205825,6635.35462244524,1
767.831817881833,6634.32340892397,1
769.113832914146,6632.18134736545,1
770.236379991134,6632.26274480356,1
771.440148923711,6631.23251954629,1
774.246909833152,6631.43842702641,1
775.848239927885,6632.6748145123,1
776.40906916203,6632.71656240852,1
776.887072422183,6633.86968661051,1
777.36561694861,6635.02295946501,1
777.842872638424,6636.17667709134,1
778.320643242295,6637.33015027004,1
777.82033226877,6643.99975306962,1
802.989918565486,6645.97452125987,1
806.551977235289,6609.35148372903,1
844.483016915107,6611.52636692951,1
853.411604615798,6613.47803599774,1
916.021544692381,6619.91629383352,1
920.780719688303,6582.26923291304,1
954.366608051054,6586.15062393814,1
958.750947413246,6549.57300499176,1
996.657607418584,6554.29941939962,1
1000.95450188424,6516.56605290111,1
1187.0415279318,6546.30870726193,1
1190.81143947982,6508.30576991757,1
1264.51078700836,6523.23166250396,1
1274.59512443496,6437.22289305463,1
1273.40650701657,6436.99295837246,1
1273.02524199675,6435.77731965013,1
1271.4542808466,6434.33210907678,1
1270.47659135427,6433.00217438013,1
1269.28678850666,6432.77355388333,1
1267.71341013484,6431.32991876674,1
1267.11875012693,6431.21610087785,1
1265.54400190633,6429.77379969292,1
1264.56324260625,6428.44511450009,1
1262.77714568033,6428.10524735782,1
1261.79501986158,6426.77776818074,1
1260.60356463933,6426.55190645212,1
1260.21673060322,6425.33777761933,1
1258.84528507718,6422.79668142059,1
1257.86034191068,6421.46984527443,1
1257.26433280327,6421.35756552667,1
1256.27838130439,6420.0316159863,1
1256.09588296785,6417.71607145217,1
1254.7179123839,6415.17661775818,1
1253.13197118313,6413.73982387932,1
1252.73959262315,6412.52607411788,1
1251.95548256598,6410.09935827744,1
1251.56191741224,6408.8861797701,1
1250.57097880243,6407.56160469985,1
1249.97206270194,6407.45044707426,1
1249.5783488123,6406.23759931894,1
1248.58505652931,6404.91345611371,1
1247.98667020673,6404.80277879521,1
1247.59094385462,6403.59004147979,1
1239.00436740922,6403.15220289541,1
1239.60813344639,6399.84509977681,1
1239.2101314662,6398.63349818382,1
1237.81262108449,6396.10084142332,1
1237.61371925553,6393.78664954904,1
1236.41142665592,6390.15204402457,1
1235.60931729011,6387.72933003426,1
1234.00490819739,6386.30068913988,1
1233.80035408523,6383.9866381182,1
1233.39742978778,6382.77579723599,1
1233.59583701824,6381.67317606477,1
1232.58973412978,6380.35360674792,1
1232.38366626359,6378.03977494563,1
1231.37583977856,6376.72099121755,1
1230.77347923287,6376.61314145237,1
1229.76483903526,6375.29438171719,1
1229.35905920155,6374.0840001554,1
1228.75538184292,6373.97634857836,1
1228.95206495082,6372.87312235274,1
1228.34915850207,6372.76567914393,1
1228.13871195699,6370.45259559453,1
1227.12719902021,6369.13463398474,1
1226.31044229285,6366.71396034972,1
1225.29708479358,6365.39695453073,1
1225.49228549836,6364.29354864996,1
1224.47873967057,6362.97692278575,1
1223.26913834193,6362.76355431142,1
1222.85905641302,6361.55395522636,1
1204.10425929763,6358.29565408532,1
1205.72383782139,6341.53001345888,1
1204.69650255641,6340.21843962858,1
1204.08902994199,6340.11489287331,1
1203.06072802114,6338.80420543127,1
1202.64049490545,6337.5970982681,1
1201.00297779036,6336.18338984408,1
1199.78596848905,6335.97748998948,1
1196.50685522499,6333.15369511985,1
1193.64740971658,6331.53905859168,1
1192.00476696191,6330.12925703213,1
1189.14198001859,6328.5179371771,1
1186.88750802356,6327.00967804625,1
1183.59249653305,6324.19692510091,1
1179.07404061122,6321.18776859501,1
1176.02195189495,6320.69076171707,1
1174.98008874896,6319.38743901459,1
1173.14839116185,6319.09086025375,1
1172.10518106329,6317.78878771729,1
1170.45068613987,6316.38828397611,1
1170.01763685064,6315.18526204544,1
1167.74937016308,6313.68806457994,1
1167.31514634401,6312.48491057954,1
1163.99753963117,6309.6892712062,1
1160.935173077,6301.27319058645,1
1159.88366026603,6299.97482963999,1
1159.44373997684,6298.77252959916,1
1157.95020567398,6296.27248554951,1
1156.89533493988,6294.97482185922,1
1157.06832539057,6293.86949269718,1
1156.45449233949,6293.77349094459,1
1156.62737913992,6292.66774448304,1
1156.01337194271,6292.57183576757,1
1155.57090251109,6291.37048834879,1
1149.42598430476,6290.41636957221,1
1148.98151280925,6289.21543714085,1
1149.15214457871,6288.1099261526,1
1149.93848443541,6287.09905300087,1
1150.10923108808,6285.99353413225,1
1150.72414905007,6286.08855199403,1
1151.51014862238,6285.0777754183,1
1151.68118973098,6283.97228372377,1
1152.46852064806,6282.96217424562,1
1152.81086257706,6280.75084506681,1
1152.53618615719,6278.44398809135,1
1151.47479029504,6277.14769566302,1
1151.19848726037,6274.84101263817,1
1150.5819218398,6274.74599882703,1
1150.135410631,6273.54555905592,1
1101.98098043675,6266.42078863392,1
1103.25487234901,6248.53525498031,1
1102.47743994272,6249.55417018794,1
1102.01403562597,6248.35978224971,1
1100.30902611452,6246.99056847767,1
1099.06781133632,6246.81595542628,1
1097.36144193656,6245.44757260633,1
1093.63741290845,6244.9276913741,1
1091.30823846334,6243.47605000395,1
1087.58186639409,6242.96143790732,1
1083.38681303209,6241.25787080746,1
1080.43110717735,6239.72756772182,1
1075.45990187873,6239.05526936923,1
1073.74434638338,6237.69692023955,1
1071.40625519693,6236.25666115647,1
1068.91854214153,6235.92510167127,1
1067.82255981245,6234.65208401539,1
1066.57828482182,6234.48724703901,1
1067.27404537302,6224.43604292626,1
1059.79127039325,6223.45433451358,1
1059.31226066652,6222.26504620772,1
1058.68795241532,6222.18385253904,1
1058.83190898937,6221.07619148781,1
1057.24729491234,6218.61740844687,1
1056.14269227262,6217.3477875521,1
1055.03636251567,6216.07883131266,1
1054.071841585,6213.70193033002,1
1052.1971501975,6213.46132290215,1
1049.98030449117,6210.92568729633,1
1048.72946098529,6210.76637851556,1
1047.61918181097,6209.49948763125,1
1045.53746111207,6205.85796869606,1
1043.10254668019,6199.92280749221,1
1041.98723974145,6198.65758449416,1
1041.63757163304,6196.3626051405,1
1041.14891059539,6195.175762733,1
1040.16953403339,6192.80303832633,1
1039.05121075638,6191.53829709576,1
1038.42355758069,6191.46039224461,1
1037.30433170381,6190.19658859402,1
1036.321198136,6187.82447670598,1
1034.57190510825,6186.483589369,1
1033.94356896906,6186.40635125581,1
1032.82160922841,6185.14386760135,1
1031.83434510476,6182.77292477775,1
1031.20548780359,6182.69613960279,1
1031.34069187839,6181.58780193141,1
1030.0816043471,6181.43440181996,1
997.848163368563,6178.7566436336,1
997.345453538376,6177.57593929387,1
997.471996246614,6176.46665112689,1
998.228073454658,6175.42960369842,1
993.818341681744,6174.92839539425,1
993.312964522259,6173.74772508948,1
992.177210187504,6172.49649714403,1
990.917091280966,6172.3546961193,1
989.398406674088,6168.81462183774,1
988.890826126191,6167.63493452553,1
988.507684610987,6165.3459993846,1
988.000164486313,6164.16657399052,1
988.123789964118,6163.05710083765,1
988.878842217786,6162.0184048666,1
989.510425670882,6162.08890814392,1
992.287427536197,6160.15348353613,1
994.183882319683,6160.3667880045,1
995.573754863589,6159.40047747891,1
999.999320596807,6159.90264895438,1
1001.26274534894,6148.81144307302,1
993.131556199159,6141.15462009301,1
956.411313115413,6136.08580449157,1
926.542621168982,6133.10396482879,1
929.001093583116,6107.57020182694,1
927.722229034262,6107.44743962077,1
926.33819437156,6108.43512486551,1
923.142195889231,6108.13082779896,1
920.48114335164,6108.99962075638,1
919.202811921526,6108.87928781423,1
917.389621862063,6107.58890341538,1
915.472007584728,6107.40995277586,1
913.119962301064,6104.95174313841,1
912.58329577269,6103.78245861443,1
911.405762852144,6102.55423473465,1
911.508045128082,6101.44363306189,1
911.0723786318,6099.16395360101,1
910.533219342677,6097.99489500605,1
909.994722914884,6096.82554602036,1
910.198006200141,6094.60511905066,1
893.5300652066,6093.11050716864,1
895.477767379947,6070.89829422238,1
894.83280032321,6070.84185491426,1
893.641635058506,6069.61860370115,1
892.352335035438,6069.5064398988,1
891.804433836038,6068.34009190088,1
889.869539064583,6068.17275479307,1
889.320804944058,6067.00631168981,1
888.126168014921,6065.7848824902,1
887.576642222798,6064.61912129075,1
886.931764051414,6064.56394905275,1
886.380806289801,6063.39780988241,1
886.665141625928,6060.06582080451,1
887.40651974917,6059.01009525863,1
887.501404880975,6057.89955975655,1
888.147235873541,6057.95481425031,1
888.88820515144,6056.89917807618,1
888.98341720746,6055.7886851886,1
871.528627598212,6054.32644406362,1
848.250386478022,6052.48161144124,1
848.165168146886,6053.59247539138,1
848.811349068211,6053.64210708167,1
848.725944609105,6054.75342998429,1
848.640639833713,6055.86431101035,1
849.933302611832,6055.96384631481,1
849.847577619674,6057.07513085278,1
850.407402831375,6058.23587059685,1
850.321454545721,6059.34720180706,1
850.966841107714,6059.3971457657,1
850.880818919589,6060.50799529178,1
851.527020519801,6060.55808296523,1
851.440751448016,6061.66937598527,1
851.999377986688,6062.83034484537,1
851.912994430402,6063.94126024331,1
852.558742153379,6063.9914921334,1
853.674344699812,6066.31424210489,1
854.319708766201,6066.36481963918,1
854.876822582031,6067.52658186431,1
854.232599011297,6067.47604012757,1
854.789607537784,6068.63744213425,1
856.078702345085,6068.73887811379,1
855.991081994172,6069.8500815607,1
857.278902305892,6069.95182248434,1
857.835722260518,6071.1136683238,1
858.391187144408,6072.27554281331,1
858.302978212588,6073.3867642025,1
858.947356497487,6073.43797555115,1
860.056633268607,6075.76253900033,1
859.967936418481,6076.87334720133,1
860.611833112447,6076.92482001486,1
860.522904376768,6078.0360113691,1
859.790404927597,6079.09533676232,1
859.147815486544,6079.0439905231,1
859.059154747798,6080.15521168859,1
858.416712096114,6080.104021812,1
858.328279711229,6081.21476516768,1
857.684983383966,6081.1636036647,1
856.954521290839,6082.22341656894,1
855.02717203717,6082.07084246934,1
854.939436168179,6083.1820992389,1
843.376335953255,6082.28423545798,1
840.807093237206,6082.08886260573,1
840.248117163908,6080.92874204892,1
836.392708428799,6080.63888861036,1
836.309626611112,6081.75030288044,1
829.885645303275,6081.27458414514,1
829.161254279177,6082.33858055878,1
823.380477816554,6081.91914618232,1
822.8181878754,6080.76189546978,1
819.605435316638,6080.53252337156,1
819.042030732319,6079.37535392516,1
817.113079181895,6079.23906751524,1
816.392543104308,6080.30542885692,1
815.750342710191,6080.26037466386,1
813.822774592672,6080.12551040466,1
813.256966688393,6078.96906401446,1
810.686498776849,6078.79093537953,1
810.120651064938,6077.63536431185,1
806.905928510808,6077.41516512466,1
806.830206252555,6078.52642406908,1
807.472616709393,6078.57025104707,1
807.396648362389,6079.68195291903,1
808.682115015867,6079.76995792032,1
808.605884878328,6080.88119804753,1
799.611719560165,6080.27325005884,1
798.894736652421,6081.34217107707,1
798.252776181227,6081.29960275654,1
798.179068749051,6082.41088702292,1
789.830474371427,6081.86505274314,1
789.117135656437,6082.93551452473,1
787.19110254573,6082.8120659263,1
786.478546824907,6083.8825464183,1
783.910424064389,6083.71957913597,1
783.198806521641,6084.79094959416,1
780.631230485554,6084.6298715427,1
779.279296509609,6085.66137537104,1
776.071012486859,6085.462994948,1
775.360616445808,6086.53512038664,1
773.436320987894,6086.41747826505,1
772.727596024985,6087.49043498798,1
771.444701690853,6087.41268593235,1
770.736674592787,6088.48552110713,1
768.813212378193,6088.36983238732,1
768.104991326382,6089.44346995492,1
766.82362783044,6089.36699560992,1
766.116044108494,6090.44049652123,1
764.193474445117,6090.32677770379,1
764.127936708515,6091.43882098688,1
760.283807873897,6091.21393320821,1
759.579014710635,6092.28842390975,1
757.657324996509,6092.17752823236,1
757.593454043884,6093.28916954115,1
755.672244076853,6093.17911533768,1
754.967860608967,6094.25465321463,1
753.688017599124,6094.18194133448,1
752.984255779519,6095.25740461261,1
751.063950480799,6095.14926210785,1
750.361995861193,6096.2255306753,1
749.081739461255,6096.15411073902,1
748.380422143918,6097.23024474957,1
747.100464737598,6097.15938113677,1
746.399686666195,6098.23625962343,1
744.480747652949,6098.13093282193,1
744.419963540085,6099.24265201108,1
741.861357927674,6099.10348198974,1
741.801167535218,6100.21571789551,1
740.522140809805,6100.14665153372,1
739.184547757316,6101.18987299167,1
738.544729904468,6101.155627391,1
738.485353717552,6102.26745226217,1
737.207920174419,6102.19938075685,1
735.811957869465,6104.35570926744,1
734.534188652561,6104.28833836021,1
734.475711675727,6105.40059790593,1
733.19826657684,6105.3336724576,1
732.502051472084,6106.41214628054,1
731.863939419635,6106.37892294104,1
731.16720867561,6107.45800681361,1
729.891295442047,6107.39206180753,1
729.195202218885,6108.47101359077,1
728.557416664306,6108.43823147132,1
727.862733279688,6109.51783995787,1
727.224124492502,6109.48521948613,1
726.529902533095,6110.56465819804,1
725.891441053128,6110.53219236547,1
725.197723260975,6111.61179535339,1
724.560408819761,6111.57961391086,1
723.173168919443,6113.73968990898,1
722.536162201213,6113.70776199774,1
721.15046603192,6115.86838871346,1
720.513811853069,6115.8367906723,1
718.437599639416,6119.07859244793,1
717.801353051434,6119.04733151637,1
717.746820640942,6120.15965403682,1
717.110734514596,6120.12849207024,1
716.41946239453,6121.20933151935,1
715.729424375923,6122.2907907329,1
715.093645863857,6122.25988291752,1
713.767559615885,6123.31032278612,1
713.131944039732,6123.27976299787,1
713.078454538762,6124.39215814026,1
712.442060114641,6124.3615832593,1
711.753448402511,6125.44312967743,1
711.118140348207,6125.41282431171,1
711.065115957102,6126.52524255208,1
710.429013354919,6126.49498262402,1
710.376206362638,6127.60698996941,1
708.313115014497,6130.85329973163,1
707.678624917071,6130.82343006474,1
706.991051422358,6131.90607382108,1
705.722304744581,6131.84688330584,1
705.670612707176,6132.95890583288,1
705.035430212615,6132.92941448406,1
704.34974534644,6134.01249029219,1
703.715725388134,6133.98322412052,1
703.664438641528,6135.09525503522,1
703.02956355479,6135.06601876123,1
702.344712524716,6136.14938958986,1
701.709984379079,6136.12030904971,1
701.025595809213,6137.20351329154,1
700.39203016998,6137.17465812295,1
700.341507058036,6138.28670915522,1
699.073757195848,6138.22933695858,1
699.023542945074,6139.34183857466,1
698.390268941854,6139.31329932836,1
697.706143476591,6140.39688151437,1
697.073061179325,6140.3685743766,1
697.023313306132,6141.48110084325,1
696.39034660713,6141.45281720067,1
695.707055432448,6142.53669568783,1
695.074219878577,6142.5086285513,1
694.392339674003,6143.59316792981,1
693.126083155524,6143.53750052382,1
692.443886732283,6144.62185955012,1
689.280449915558,6144.48469857686,1
688.599339842462,6145.56960950978,1
687.334697284013,6145.5156258184,1
686.021976043631,6146.57448940085,1
684.756630289436,6146.52118683055,1
684.07789082116,6147.60683373106,1
682.766649306822,6148.66664065157,1
681.501875813588,6148.61427348182,1
680.192552529037,6149.67445497939,1
679.514393196832,6150.76119924118,1
678.251299218941,6150.70973261386,1
676.942363656566,6151.77083399247,1
676.309963756297,6151.74537840125,1
675.002777053582,6152.80753187672,1
673.739333837736,6152.75732551509,1
671.126506761924,6154.88259359527,1
669.863651686984,6154.83351322422,1
668.558048898559,6155.89747718705,1
667.884615737647,6156.98551563262,1
666.622391902626,6156.93738839593,1
662.712571648539,6160.13281042623,1
662.082422218053,6160.10944396011,1
660.780266484718,6161.17526819916,1
660.149278355617,6161.15212142315,1
658.848886854464,6162.21893997895,1
658.218015086066,6162.19606732697,1
656.918379309169,6163.26303799336,1
655.658051555584,6163.2180149101,1
654.358373319688,6164.2856953469,1
652.429987414155,6165.33215059082,1
651.800586975216,6165.31025890972,1
650.502473269716,6166.37903325316,1
648.6137885111,6166.31440429528,1
647.316804514958,6167.38457163825,1
646.650392814357,6168.47578176722,1
646.021477285508,6168.4546846004,1
645.35449063843,6169.54649601895,1
644.725705235829,6169.52561688868,1
644.059274416591,6170.61716210569,1
643.430634865178,6170.59644063407,1
642.099945314234,6172.78054649037,1
640.771398552131,6174.96500719714,1
640.735485032865,6176.07743241803,1
640.106690658369,6176.05716202618,1
640.07091369699,6177.16999666081,1
639.443250365782,6177.14982168908,1
639.407617377974,6178.26229354765,1
638.74461778493,6179.35510117154,1
638.567120403991,6184.91815844712,1
637.904249191971,6186.01059408977,1
637.277864663281,6185.99073323257,1
635.954433022066,6188.17659407199,1
635.328354558857,6188.15699285751,1
634.66676261852,6189.25040826211,1
632.788100755755,6189.19242363533,1
632.753992267097,6190.30489211154,1
632.128280685284,6190.28581663348,1
632.094358880338,6191.39825637859,1
631.434946340117,6192.49217677281,1
631.367444618723,6194.71753506698,1
631.958594001724,6195.84903573032,1
633.834377807659,6195.90668331186,1
634.424767010221,6197.03899435004,1
635.050492246202,6197.05844885471,1
636.264967835502,6198.21015106691,1
640.640075871279,6198.35030286585,1
641.228358403585,6199.48310677389,1
643.728002657784,6199.56556827599,1
644.315259533685,6200.69924085125,1
644.278074289913,6201.8116436414,1
645.452248751044,6204.07890184733,1
647.324558240408,6204.14244131905,1
647.28651120759,6205.25523456943,1
647.910126888092,6205.27658217108,1
648.496406681015,6206.41050717497,1
657.8528222717,6206.74298261903,1
658.435352266232,6207.87865372857,1
659.059540375617,6207.90163208027,1
661.511815026083,6209.10681490664,1
662.135892215953,6209.13026282829,1
663.297621358764,6211.40245644226,1
664.544109105852,6211.44993054007,1
664.501616442662,6212.56230570928,1
665.12418522766,6212.5861857479,1
665.704859353239,6213.72290600966,1
666.327330429281,6213.74694808541,1
666.241220301311,6215.9720663238,1
665.619115031483,6215.94805198224,1
665.533352513716,6218.1731473315,1
664.867856479533,6219.2615235747,1
664.825125623006,6220.37388691254,1
664.161053562065,6221.46286021327,1
663.539752484757,6221.43910143942,1
662.875206524152,6222.52780021474,1
662.254112986265,6222.50421576742,1
660.26477895078,6225.77208325677,1
659.644078153131,6225.74890505172,1
659.602602982922,6226.86125798553,1
658.939787372083,6227.95057180132,1
658.898489494017,6229.06339840646,1
657.036912441008,6228.99460201182,1
655.755074296067,6230.06168367956,1
653.893958208334,6229.99430502528,1
652.574389569938,6232.17510406433,1
651.914153003012,6233.26587665058,1
651.874587071653,6234.37831016334,1
648.775610231873,6234.26921788769,1
648.194762711862,6233.13522730908,1
646.954647615433,6233.09234111526,1
646.916365150739,6234.2048412819,1
646.296931465354,6234.18358623981,1
646.3350834746,6233.07111770778,1
642.615634766909,6232.94529705106,1
642.032041543984,6231.81171967529,1
640.171821706359,6231.75033551703,1
639.588376374432,6230.61754996675,1
635.866870759376,6230.4976204114,1
635.281174628555,6229.3649954364,1
631.558664928169,6229.24892052432,1
630.972621910349,6228.11733677239,1
623.525409683097,6227.89588156072,1
622.872164469504,6228.99056068101,1
619.769635135324,6228.90258065767,1
619.118462482266,6229.99827854493,1
617.87756478163,6229.96389670075,1
617.227050742126,6231.05941988286,1
614.746796714931,6230.99209651492,1
614.096328096987,6232.08850323308,1
610.996071179127,6232.0068645783,1
610.347637844138,6233.10344376901,1
609.728151629006,6233.08745543662,1
609.079266382729,6234.18467185726,1
607.840539345231,6234.15319288927,1
607.192328643957,6235.25017530223,1
604.71453198664,6235.18868556035,1
604.687225955282,6236.30131735694,1
605.278785908309,6237.42966393362,1
605.898661458852,6237.44500436688,1
605.871028204272,6238.55765819561,1
604.012991383813,6238.51191064654,1
603.367264702996,6239.60992303208,1
592.845916842357,6239.36778090132,1
592.251445002307,6238.2412151265,1
586.678921890702,6238.1242789913,1
586.701550757606,6237.01155142125,1
586.105102079379,6235.88589868533,1
584.865972474853,6235.86109691891,1
584.22495037754,6236.96192864426,1
583.627844038725,6235.83667148062,1
581.769649461303,6235.80065066824,1
581.748347839285,6236.91380040979,1
581.128472706276,6236.90194238164,1
581.086141944706,6239.12782803099,1
581.705650957015,6239.13965488828,1
581.684316246738,6240.2523754388,1
581.064937671461,6240.24051823227,1
580.467513034266,6239.11609801614,1
579.847958263967,6239.10444619237,1
579.25009962874,6237.97976578042,1
578.011594098775,6237.95692503937,1
578.031931262647,6236.84417902311,1
577.413011283731,6236.83287237676,1
577.433250148387,6235.71976685815,1
576.83419632323,6234.59582284741,1
576.894252517891,6231.25719860684,1
577.514005131396,6231.26840422553,1
577.574541028475,6227.92941609253,1
578.856919248478,6225.72623197706,1
579.477473005281,6225.73770190209,1
579.498120585501,6224.62497620448,1
580.139594133623,6223.52384133835,1
581.403410627528,6222.4341022487,1
582.025384837581,6222.44599342937,1
582.667875266993,6221.34521674175,1
583.289039023726,6221.35721273117,1
584.554275757186,6220.26843237738,1
586.419247071212,6220.30560280331,1
587.063097277015,6219.20552104385,1
590.172470990053,6219.26968903294,1
591.440103985749,6218.18291739767,1
592.061747131849,6218.19621497747,1
592.708400950531,6217.09693790267,1
592.756414918943,6214.87123834761,1
592.133335561125,6214.85782841931,1
592.157191563804,6213.74517971639,1
591.534877972537,6213.73183644243,1
590.936116528043,6212.60555650842,1
590.312716745214,6212.59243928914,1
589.089923475506,6211.45381854211,1
587.84467059423,6211.42815473998,1
587.243682524408,6210.30241021533,1
584.751578933102,6210.25260787005,1
584.150534081529,6209.12772051237,1
581.656817367099,6209.07974709417,1
580.430773240123,6207.94317119762,1
576.067004905179,6207.86387617238,1
574.839146187295,6206.72932693042,1
567.355894232163,6206.60589110342,1
566.125406522417,6205.47389021083,1
559.263526153797,6205.37409612502,1
558.000688153719,6206.46982125957,1
553.635608027505,6206.41333099776,1
552.998619472703,6207.51831991567,1
551.128232647086,6207.49572699907,1
550.491049434921,6208.60154598453,1
549.868064221332,6208.59430152452,1
549.231378454322,6209.69984665857,1
548.608597848842,6209.69277832504,1
547.973325135503,6210.79899775863,1
546.727065622512,6210.78524377931,1
546.092449859821,6211.89129309724,1
544.846476660848,6211.8781105552,1
544.212538641333,6212.98489825594,1
543.589233074723,6212.97850631891,1
542.955732227738,6214.08500501086,1
542.332615366419,6214.07884978151,1
542.32161933311,6215.19204011087,1
540.454582450605,6215.17403084088,1
540.44411501276,6216.28683411238,1
538.577553250627,6216.26963031047,1
537.945835118286,6217.37686404736,1
535.458074080489,6217.35560938315,1
535.448850094765,6218.46885044758,1
529.229509056173,6218.42198531698,1
528.60053115391,6219.53058774175,1
527.356794728451,6219.52245548494,1
526.727523605001,6220.63180278772,1
526.713633690524,6222.85781099002,1
525.471840013692,6222.85023740004,1
524.84352993343,6223.95941036603,1
522.980310808131,6223.94897767252,1
522.359524129282,6223.94571868816,1
521.733127071365,6225.05530562974,1
521.738782378522,6223.94253262862,1
519.253911431945,6223.93061326703,1
519.258879731117,6222.81783718023,1
518.637974415475,6222.81504208547,1
518.633120455732,6223.92784939548,1
516.148202187742,6223.91778680387,1
515.523429220057,6225.02829455496,1
515.515330871536,6227.2543483513,1
514.895075873471,6227.25216048331,1
514.270154923084,6228.36330417594,1
513.650043485444,6228.36127776237,1
513.026531912074,6229.47213042228,1
512.405653284338,6229.47028588045,1
512.402408961108,6230.58352089541,1
506.201715757276,6230.57005780665,1
505.579479911493,6231.68204150971,1
503.719666287821,6231.68003177412,1
503.099194668584,6232.79278199062,1
500.619465236711,6232.79167044823,1
500.61928533003,6233.90453927423,1
495.042691444076,6233.90735745699,1
494.424851216752,6235.02094840279,1
493.185623624128,6235.02271002106,1
493.187378375733,6236.13601685651,1
488.852632799891,6236.14511843425,1
488.229622591867,6235.03354660725,1
485.752149172984,6235.04106027604,1
485.128166398225,6233.93035638261,1
480.791205316511,6233.94766653875,1
480.176131001136,6235.06337238621,1
478.937775038546,6235.0692835703,1
477.710145061135,6237.30163924326,1
477.716077933908,6238.41490174986,1
477.097376785185,6238.41817107657,1
477.721864439958,6239.52772724883,1
477.727661631897,6240.64099506305,1
478.351622084031,6241.75063854646,1
478.970810646014,6241.74754872479,1
478.357290044748,6242.86391136207,1
478.362948530431,6243.97671855338,1
477.745141967582,6243.97991249092,1
477.780034199042,6250.65825083385,1
477.169202593326,6251.77439860778,1
477.187087509849,6255.11339997152,1
475.953694020314,6255.12020109719,1
475.343935795888,6256.23697576674,1
474.110885732824,6256.24436980754,1
473.501771219789,6257.36104317864,1
472.884986291087,6257.36495768371,1
472.892122836436,6258.47821189788,1
472.276347609486,6258.48219593788,1
471.667123271421,6259.59914240547,1
470.435948120785,6259.60758591994,1
469.811441968243,6258.49905200286,1
467.347561995613,6258.51735710769,1
466.723076678038,6257.40885472685,1
463.024914134848,6257.43955422782,1
463.034546890206,6258.55278639894,1
462.418885955269,6258.55823958281,1
461.813199213934,6259.67655312144,1
461.823184850334,6260.78985894691,1
458.128910402602,6260.82483819783,1
457.501295079453,6259.71766311404,1
455.038141720358,6259.7431075663,1
454.433627053881,6260.86300385268,1
452.586436005332,6260.88326448641,1
451.983727764338,6262.00304240697,1
448.290410494744,6262.04660637281,1
447.687992230653,6263.16703046071,1
445.841760314652,6263.19024224471,1
445.241168536426,6264.31145668318,1
444.025145668734,6265.44036738036,1
443.410372435232,6265.44856427068,1
442.810697537503,6266.57006489566,1
440.35044870443,6266.60413701121,1
439.751752205839,6267.72569141573,1
437.907584389849,6267.75240409223,1
436.694493412499,6268.88390252124,1
434.850843888325,6268.91194594865,1
433.638869051054,6270.04391198948,1
430.56666461416,6270.09339722605,1
429.970984225032,6271.21674893305,1
428.128272627719,6271.24780902651,1
426.918905450029,6272.38171078812,1
426.30508018439,6272.39242275921,1
425.096448814907,6273.52682744952,1
423.254797152515,6273.55999303391,1
422.047180305495,6274.69574370825,1
420.20604495566,6274.73024195193,1
419.613819269576,6275.85466372918,1
416.545719826369,6275.91442837156,1
415.910265030666,6274.81386621603,1
410.385877692576,6274.92778589211,1
410.409484885609,6276.0405403158,1
409.796274615398,6276.05361406762,1
409.748532768906,6273.82769133258,1
409.111058331466,6272.72812272636,1
408.496373216866,6272.74144132287,1
407.85833773513,6271.64208670999,1
407.244399223805,6271.65552801343,1
406.604881754635,6270.5559529942,1
405.99089971444,6270.56956829727,1
404.736684432416,6269.48441853726,1
403.507365766995,6269.51236767966,1
402.253223303925,6268.4275082895,1
396.105978364536,6268.57433762835,1
394.903999095441,6269.71790319156,1
394.2897853567,6269.73327917394,1
393.703695871688,6270.86138376219,1
391.860699317072,6270.90824631051,1
391.274492889181,6272.03715483858,1
389.431953415178,6272.08508671597,1
388.847417214385,6273.21391276714,1
385.777116917695,6273.29600078402,1
384.579303949158,6274.44216543623,1
380.896416949605,6274.54466368048,1
380.314564733637,6275.67516151499,1
377.246050922337,6275.7635266942,1
376.665307043344,6276.89405727449,1
375.437993166855,6276.9302272121,1
374.85794584539,6278.06145242465,1
374.244026688443,6278.07975721432,1
373.664421566112,6279.21070620154,1
373.050688499693,6279.22925255756,1
372.471560906669,6280.36077301516,1
371.245287779578,6280.39817464348,1
370.666926906035,6281.52963464933,1
368.215914706031,6281.60578743513,1
367.637541766,6282.73763174546,1
366.41292367382,6282.7764148122,1
365.835110648544,6283.90898333991,1
364.609934672639,6283.94832488779,1
364.033831883092,6285.08069355983,1
363.421763855014,6285.10056358654,1
362.845227561102,6286.233523916,1
362.233361471869,6286.25357556354,1
361.658300495018,6287.38627292928,1
361.045724907137,6287.4065256717,1
360.471004949531,6288.53982410855,1
359.859542738953,6288.56023914622,1
359.284475370005,6289.69331369315,1
358.673093988785,6289.71387880141,1
357.525277200058,6291.98087881437,1
357.563111903911,6293.09344214148,1
356.952283118464,6293.11428692389,1
356.99027875566,6294.2272069637,1
356.378636637894,6294.24816341001,1
356.5315385192,6298.6992726017,1
357.180523675629,6299.7908612261,1
358.47569845437,6301.97491863566,1
359.695745963424,6301.93370114338,1
359.770573876035,6304.15926294172,1
359.198921467083,6305.29241484624,1
359.311745912601,6308.63099355716,1
358.740048775479,6309.76423444362,1
358.777783301597,6310.87677409124,1
357.561331049291,6310.91827873347,1
357.599447738722,6312.03130161132,1
356.990347189395,6312.05214889223,1
355.851501263803,6314.31972262646,1
355.281557803882,6315.45346222708,1
354.712907013391,6316.58766364642,1
354.751782051826,6317.70020285613,1
354.183727812714,6318.83454774811,1
354.457546429471,6326.62381568829,1
353.889951369847,6327.75777335131,1
353.929350932078,6328.87079642516,1
353.363159544876,6330.00478667681,1
352.757678000006,6330.02630773341,1
352.797308184543,6331.13892549817,1
350.979647625902,6331.20407581721,1
351.019808727359,6332.31709104921,1
347.993277525527,6332.42736824417,1
347.952351168789,6331.31439081434,1
346.740767805423,6331.3591187,1
346.094097502786,6330.26910454673,1
341.247951785089,6330.45247145956,1
341.290647910667,6331.56493623471,1
340.641567960532,6330.47578855961,1
341.205154878446,6329.33990462609,1
341.119759279562,6327.11453108621,1
339.906988888004,6327.16126693639,1
339.301086021203,6327.18475865408,1
338.737569789207,6328.32081213045,1
338.824467033862,6330.54626687371,1
338.219030439839,6330.56989003041,1
338.306193858424,6332.79531321169,1
337.095079068665,6332.84289546233,1
335.97243217577,6335.11622478482,1
334.762917422607,6335.1644883391,1
334.807505237054,6336.27699772435,1
334.201994451586,6336.30125691657,1
333.642349558133,6337.43854894172,1
333.037953002786,6337.46297190135,1
333.082946489287,6338.57538431584,1
332.477841949926,6338.60001182085,1
332.522956327092,6339.71244894891,1
331.918894284364,6339.73702952098,1
331.360434147727,6340.87462196789,1
331.405943471272,6341.98701967775,1
330.84704921077,6343.12474569833,1
330.89280543983,6344.23719005,1
330.289414191441,6344.26208786214,1
330.335317014416,6345.37495055457,1
329.777264004439,6346.5123662246,1
330.007636779132,6352.0754806924,1
330.656862310228,6353.16338693721,1
331.258968652618,6353.13857060048,1
331.625355340707,6362.03963775538,1
331.024656160512,6362.06440409766,1
331.070587236401,6363.17729409953,1
330.515223096043,6364.31472683216,1
330.56141740933,6365.42760410801,1
329.96104895491,6365.45253152096,1
330.007476229831,6366.56501204944,1
329.407328096617,6366.59006452538,1
328.852931636678,6367.72767555588,1
327.746924690249,6370.00355116915,1
326.641452966365,6372.27974718953,1
326.04217861923,6372.30530019421,1
325.48957496998,6373.44381795295,1
325.537291850345,6374.55627310601,1
324.387377686918,6375.72066372243,1
322.734619665463,6379.13640514738,1
322.136318721123,6379.16255293886,1
322.185067447033,6380.27499315613,1
320.38973997417,6380.35397716062,1
321.635777921105,6381.41403366911,1
321.036884556026,6381.4404200448,1
321.085908969554,6382.55279118278,1
320.48804309732,6382.57919138974,1
319.939690926416,6383.71853895536,1
319.390638215634,6384.85757199466,1
318.842897814549,6385.99700953203,1
318.892547418602,6387.10945540562,1
317.797464782616,6389.38822142159,1
318.097962964615,6396.06354933557,1
318.694691346698,6396.03674114243,1
318.744650863817,6397.14956783728,1
319.390001037394,6398.23528242807,1
319.43983771759,6399.34811737512,1
320.730368145407,6401.52031910279,1
322.516315832917,6401.44129219043,1
322.56525006774,6402.55371232346,1
324.350835220962,6402.47553844915,1
324.994061773807,6403.56258254459,1
327.374719547768,6403.45987876768,1
327.921858306886,6402.32151661527,1
329.707417772918,6402.24570023045,1
330.255498547102,6401.10810673542,1
332.041531761547,6401.03331893524,1
332.591431430343,6399.89562719897,1
333.186652449964,6399.87096807072,1
333.736914914729,6398.73382264858,1
338.5019734581,6398.54036843684,1
339.142689847181,6399.62913329025,1
339.73789811289,6399.60542855315,1
339.782103540355,6400.71844218682,1
340.973235361353,6400.6712736568,1
341.612043611092,6401.76046167585,1
342.802773307016,6401.71382011552,1
343.441011443558,6402.80373434041,1
346.416621051413,6402.68919286423,1
346.4590186626,6403.80185795852,1
345.268850491089,6403.84738198862,1
344.717179664449,6404.98284905043,1
343.527368442762,6405.02891995574,1
343.570692517504,6406.14195534855,1
342.976402828993,6406.165089625,1
343.01971759245,6407.27766587629,1
342.469248272291,6408.4138922157,1
341.874383193275,6408.43720457608,1
341.918078505075,6409.54980436846,1
340.730597908199,6409.59669902953,1
340.180133667202,6410.73331418284,1
339.586467255258,6410.7569438477,1
339.036589253248,6411.8932614662,1
337.255326305373,6411.96505323851,1
336.707182222996,6413.10208776086,1
335.519754669041,6413.15055284497,1
334.97215979641,6414.28741242635,1
333.785089048876,6414.33642530711,1
333.238190370665,6415.47353502596,1
332.644446514122,6415.49831149995,1
332.098032653406,6416.63599970638,1
330.911620879999,6416.68583789978,1
329.820640878067,6418.96144514182,1
329.227265828456,6418.98671239894,1
329.4170099726,6423.43722336757,1
330.009608989043,6423.41199581063,1
330.056942964076,6424.52492433062,1
331.83263680832,6424.44983799161,1
331.879444314648,6425.56235075012,1
332.470883694803,6425.53758402735,1
331.926129156574,6426.67533783106,1
331.333982750508,6426.70031008264,1
330.789799468478,6427.83782765803,1
329.606704261797,6427.8880895307,1
329.654175134528,6429.00102110018,1
329.063227843545,6429.02631166661,1
329.110948604279,6430.13878776948,1
327.928461582237,6430.18960728166,1
327.97644807385,6431.30253794221,1
327.385820836532,6431.32804711288,1
326.84354618011,6432.46606524592,1
325.661753765399,6432.51759309206,1
322.806771423566,6434.87314631878,1
321.625689981352,6434.92577112914,1
321.085576415856,6436.06475893818,1
319.904835999843,6436.11799356341,1
319.955171010996,6437.23077337511,1
318.774838487239,6437.28437845478,1
317.697256405874,6439.56344471182,1
317.107042565222,6439.59062812829,1
316.03110255946,6441.87025340742,1
315.492824445908,6443.00998389069,1
314.418926399754,6445.29013424811,1
313.881730108136,6446.43014330986,1
313.933867304161,6447.54297012049,1
312.862443617252,6449.82349162417,1
312.914928236122,6450.93600406772,1
312.326331619607,6450.96377548613,1
312.431642209523,6453.18899999832,1
311.89708232173,6454.32929149295,1
312.53709551352,6455.41422685521,1
312.589756732597,6456.5266169698,1
312.055745811701,6457.66729527925,1
311.468096469946,6457.69533731405,1
311.521157667532,6458.80769359399,1
310.454794756498,6461.08909228047,1
309.921200891221,6462.22961878191,1
309.335140772398,6462.25796153139,1
308.803052542989,6463.39914128304,1
308.856916457058,6464.51142639377,1
308.270297907157,6464.53988919295,1
308.324400549335,6465.65274741416,1
307.793043778416,6466.79359685567,1
307.847275608834,6467.90647585513,1
304.919408103426,6468.050338976,1
303.858969450453,6470.33356233226,1
303.96978434401,6472.55825574534,1
304.610595769096,6473.64197200284,1
304.665761720057,6474.75429531857,1
305.250082883206,6474.7253269356,1
305.889177929884,6475.80920761255,1
307.058239361303,6475.75162967018,1
307.112879387252,6476.86404110471,1
307.752052916012,6477.94816346808,1
307.915540181193,6481.28571498881,1
307.331424940808,6481.31437436523,1
307.276737075702,6480.20159659634,1
302.023623793563,6480.46309615124,1
301.38397390382,6479.38025156246,1
300.215966571597,6479.43954624874,1
299.575716217389,6478.3570363008,1
296.655422649189,6478.50717929458,1
296.128721375456,6479.64979547227,1
295.603173924194,6480.79245454048,1
295.661091841426,6481.90512393088,1
295.077893179763,6481.9355697145,1
294.552189443717,6483.0783172401,1
292.21928299854,6483.20137793595,1
292.337310381885,6485.42626550192,1
292.978791887024,6486.50817242473,1
293.620806426602,6487.58955759132,1
294.203175138353,6487.55887456891,1
294.843821777877,6488.64104288844,1
294.902145390376,6489.75325370425,1
295.543301719697,6490.83501103999,1
295.60148047853,6491.94780812675,1
295.018893566324,6491.97832165474,1
295.310704271479,6497.54051447229,1
295.892512879458,6497.51003557488,1
295.950726930958,6498.62279434157,1
295.369190204454,6498.65321924176,1
294.846996364843,6499.79605312712,1
294.266456009846,6499.82661309725,1
294.383938513067,6502.05161745621,1
295.02272262925,6503.13327755672,1
295.139971235587,6505.35829537896,1
295.778104992755,6506.44052028664,1
295.836459189165,6507.55287136843,1
293.518207522724,6507.67534085831,1
292.418125684758,6508.8494468564,1
287.782127188254,6509.09985373677,1
287.142078671288,6508.01942058874,1
284.823112224494,6508.14713583969,1
283.60258356614,6507.09933960808,1
280.124074877522,6507.29455925522,1
279.606816409422,6508.43954604916,1
279.090834658204,6509.5846084841,1
276.772704403812,6509.71708911348,1
276.257791287895,6510.86296486296,1
270.465099151416,6511.20124181479,1
269.820283929183,6510.12307200008,1
268.661374354262,6510.19194239354,1
267.436630535394,6509.1490232366,1
266.277365830823,6509.21869782418,1
265.631129149364,6508.14152268983,1
262.732517942489,6508.31751256914,1
261.50478135477,6507.27606395556,1
260.34488740307,6507.34749846611,1
259.696591969003,6506.27126776098,1
258.536441950685,6506.3431445939,1
258.467428003106,6505.23081209411,1
257.887518444689,6505.26685406297,1
256.657435804978,6504.2274192135,1
256.077458821269,6504.26369804729,1
255.426755043262,6503.18780358021,1
254.846680733651,6503.22443988212,1
254.196344955626,6502.14913515847,1
252.454584832701,6502.25940698358,1
251.944292750956,6503.40826292005,1
250.784015540511,6503.48240987561,1
250.855238327248,6504.59462145076,1
250.274468453387,6504.63185820308,1
250.488638673998,6507.96768552521,1
251.140117942342,6509.04273692398,1
251.211350901181,6510.15452295821,1
252.511496669965,6512.30458974294,1
253.161858628853,6513.37954402714,1
253.740563643609,6513.34276527377,1
253.811157559982,6514.45510682208,1
254.460044472593,6515.53028791013,1
255.617479083384,6515.45710754817,1
255.687608523832,6516.5692983032,1
256.265788735203,6516.53301558875,1
256.335748531162,6517.64489193555,1
256.9145994619,6517.60852198903,1
257.562225681218,6518.68460565337,1
258.140921601623,6518.64832078413,1
258.210352896068,6519.76028781299,1
259.365667930731,6519.68820121016,1
259.434836000191,6520.80021171103,1
260.013192025715,6520.76421760511,1
260.659531510934,6521.84081151705,1
258.349415348386,6521.98450797229,1
258.27994439915,6520.87215980272,1
257.124004145486,6520.94461049188,1
256.475714897529,6519.8690195104,1
255.898013446478,6519.90544048844,1
255.25006594088,6518.83004682118,1
254.671417580264,6518.86660458893,1
254.022994322557,6517.79106659055,1
252.866202973895,6517.86469379019,1
252.217112856507,6516.78973065714,1
251.638969844379,6516.82680005553,1
250.988490848608,6515.75171243292,1
250.41031407448,6515.78889837197,1
249.75941079786,6514.71445250453,1
249.109008760461,6513.63960465303,1
248.530370562096,6513.67704939556,1
248.45833557373,6512.56531350415,1
247.155102460342,6510.41657539905,1
246.575973209268,6510.45439522674,1
246.503328234649,6509.3425904632,1
245.850471713729,6508.26830651065,1
245.487014900563,6502.70864401934,1
245.995636922161,6501.55890559104,1
245.923114124898,6500.44680741229,1
246.431345432891,6499.29709398005,1
247.012122027741,6499.2593647117,1
248.03085602995,6496.9601575393,1
248.611953474232,6496.92265157189,1
248.540239238797,6495.81049589104,1
249.050957225761,6494.66118316742,1
249.632377557455,6494.62390055285,1
250.143550663202,6493.47432626509,1
251.165181855638,6491.17641301091,1
251.094403922779,6490.0642240502,1
251.606852181095,6488.91523946793,1
251.394996213221,6485.57899029986,1
250.740608761668,6484.50420316073,1
250.669873668144,6483.39197246718,1
250.015870412164,6482.31725333545,1
248.26524634972,6482.42934517524,1
247.609576038689,6481.35506170175,1
240.605266143287,6481.81194859627,1
239.511422569957,6483.00113127819,1
237.761020623026,6483.11780825845,1
236.669327806264,6484.30758063732,1
236.085397761442,6484.34687438641,1
234.994586482386,6485.53766805457,1
232.813286322519,6487.91989302575,1
232.230756912141,6487.95969836303,1
231.7236213792,6489.11115248889,1
230.559057113555,6489.19129088479,1
229.470477817807,6490.38376029206,1
228.888319354981,6490.42406163224,1
226.713507354753,6492.80979222197,1
225.045521526486,6494.04373095871,1
223.88137441869,6494.12596332925,1
221.71271828266,6496.51457515662,1
220.549344811115,6496.59768028194,1
219.465861176394,6497.79262608515,1
218.30373524255,6497.87632852699,1
217.221369964029,6499.07236569178,1
215.5588681814,6500.31058755152,1
214.396623260473,6500.39557685397,1
212.735576513341,6501.63550850049,1
210.412578742973,6501.80745769989,1
209.333663480097,6503.00539073084,1
207.011486683102,6503.17939439205,1
205.352957343329,6504.42266711634,1
203.611585121917,6504.5548131378,1
202.536405698686,6505.75457578581,1
196.153543294703,6506.24792334153,1
195.65970060299,6507.40445122883,1
194.500232386637,6507.49541890432,1
194.412996952251,6506.38432947716,1
192.672357561165,6506.5214912217,1
192.003639423809,6505.45636311244,1
191.42356987156,6505.50233244154,1
190.930954215832,6506.65949184096,1
189.77121963062,6506.75180851013,1
189.859868884572,6507.86292422011,1
186.380015636668,6508.1420773286,1
185.709684521008,6507.07803713806,1
185.129878309719,6507.12486223086,1
183.878981384189,6506.1080646039,1
177.495921627346,6506.63210655302,1
177.008315923605,6507.79111290607,1
175.84785486959,6507.88766033637,1
175.755240297354,6506.77691162601,1
167.052515536104,6507.51218190632,1
165.987401622303,6508.72249820992,1
159.027979307996,6509.32687493642,1
157.965723168291,6510.53933594139,1
153.327627524421,6510.95052003831,1
153.426822129103,6512.06139195082,1
151.688226098447,6512.21708881121,1
150.428901837148,6511.21039880962,1
149.849590248091,6511.26256759174,1
149.949687204248,6512.37345375229,1
145.313508863727,6512.79431816532,1
144.836023119016,6513.95762632784,1
140.201522921894,6514.38459366077,1
139.14608650217,6515.60297480688,1
136.830117707224,6515.81910668169,1
136.354602999579,6516.98367543946,1
135.197405967801,6517.09235431239,1
134.722639697849,6518.25752341855,1
132.408171248457,6518.47645212709,1
132.513574311216,6519.58654372246,1
130.778010427545,6519.75161955896,1
130.883936599592,6520.86172744255,1
129.726949996357,6520.9723268929,1
129.255262646324,6522.13810329971,1
128.676513982731,6522.19360377834,1
127.627808388786,6523.41470618073,1
126.471590337217,6523.52618990212,1
126.578749456749,6524.63663981498,1
125.422937778071,6524.7485048434,1
125.530507125579,6525.85841929458,1
124.374980408722,6525.97063409655,1
124.48294715077,6527.08104175923,1
123.905832822642,6527.13713281642,1
124.013936633355,6528.24705643999,1
122.859050017016,6528.35972889818,1
122.967551367581,6529.47014580144,1
122.390757135515,6529.52646572655,1
122.499395640216,6530.63639864148,1
121.92280775925,6530.69290897398,1
122.031608976581,6531.80275156997,1
121.454191900252,6531.85944089959,1
121.563270879735,6532.96973913252,1
120.409856456196,6533.08311688746,1
120.300505536776,6531.97286384487,1
119.724082823961,6532.02968654736,1
119.037949104865,6530.97665647573,1
117.883895711218,6531.09088363943,1
117.417498008397,6532.257789111,1
115.110172940111,6532.48752501836,1
115.220974733021,6533.59769866984,1
113.491455446737,6533.77073868278,1
113.602756280514,6534.88053571094,1
112.44989112117,6534.99642679212,1
111.985656535293,6536.16447880542,1
112.321289141134,6539.49402939265,1
111.858092719109,6540.66221597277,1
110.706889513941,6540.77861603875,1
110.24427139184,6541.94658629469,1
109.093315265274,6542.06345895977,1
108.631422594646,6543.23163828418,1
108.055718003345,6543.29041278328,1
107.594459398334,6544.45915651895,1
107.0188687254,6544.51797005049,1
107.132509519858,6545.62759602203,1
106.558071696886,6545.68645933127,1
106.09754886505,6546.85541148902,1
105.522400222217,6546.9144864734,1
105.636577820837,6548.02412269325,1
105.06246061184,6548.08321588493,1
104.602827306066,6549.25228756641,1
104.02796732408,6549.31171321727,1
104.142713928138,6550.42123909969,1
102.420579565114,6550.5995354019,1
101.962102457027,6551.76868329787,1
97.3711596404296,6552.24868017246,1
96.3403423891236,6553.47930981816,1
94.0461323482553,6553.72203320007,1
93.0165840915164,6554.95318373003,1
90.7232130555534,6555.19786617505,1
90.8419703060462,6556.3076523434,1
89.6951961446623,6556.43050952366,1
89.2414910909906,6557.60120299588,1
88.0950535348541,6557.72468678872,1
87.6421012674255,6558.8959847498,1
86.4960642731971,6559.0198538545,1
86.0428353223274,6560.19123084687,1
84.8981133997692,6560.31546494945,1
85.0188004785295,6561.4250126423,1
84.4456694834809,6561.48732598964,1
84.6872693970302,6563.70568889933,1
84.1153229177625,6563.76793823207,1
83.6647009433469,6564.93989242497,1
83.0921331281748,6565.00250661307,1
82.0703458323018,6566.23668899024,1
81.1704895097686,6568.58088888668,1
80.1496954922779,6569.81628405416,1
80.272184157387,6570.9252546493,1
79.7013226764325,6570.98822907362,1
79.2523688545569,6572.16093176973,1
79.6206043002875,6575.48825189885,1
79.0504626726877,6575.55144408116,1
79.1734061018627,6576.66037402055,1
78.6035036078733,6576.7236368728,1
78.1560277107067,6577.89634608716,1
77.5862075855958,6577.9597697263,1
77.7096914545906,6579.06871148958,1
77.2637850658689,6580.24145203446,1
77.3874141485592,6581.35041844606,1
76.9410729122688,6582.52291954914,1
77.3127907495899,6585.85048212849,1
77.8822566260583,6585.7869152344,1
78.0059463702787,6586.89584822686,1
79.3897159235314,6588.98740494573,1
80.0819160184473,6590.03349119856,1
80.6499316820147,6589.9704315454,1
81.3407379017998,6591.01638815827,1
82.0321933934081,6592.06236311182,1
82.5998612999992,6591.99959247993,1
83.2899742678614,6593.0462254604,1
91.8079731228647,6592.11539391371,1
92.2556777444202,6590.94451165802,1
93.3920477960808,6590.82201571296,1
93.8405395464295,6589.65161792096,1
94.4092470764939,6589.59058104203,1
95.3076783506405,6587.24980731812,1
96.4450630629124,6587.1282802288,1
96.8951459263254,6585.9583366797,1
97.9150450515999,6584.72755885722,1
98.4846015689024,6584.66716947072,1
98.9356636692383,6583.49750737944,1
100.07426756742,6583.37713410041,1
101.095080107665,6582.14730532806,1
101.54827473312,6580.97797403341,1
102.686653284333,6580.85835920413,1
103.709881853336,6579.62921405404,1
116.244418116238,6578.34001678948,1
117.496297304436,6579.33500282518,1
119.205221681347,6579.16303853638,1
119.885885760102,6580.21567601582,1
121.025224187778,6580.10156220615,1
121.705183990323,6581.1548906334,1
122.275118373037,6581.09802932963,1
122.954721057067,6582.15124081026,1
123.523550725091,6582.0946056579,1
124.203550869802,6583.14828306348,1
125.560683303057,6585.25573793557,1
126.129957535875,6585.19933517124,1
127.377053723465,6586.19701067024,1
127.486419903293,6587.30691686506,1
128.163773452125,6588.3613539138,1
128.949864876641,6590.52573516281,1
129.627222613121,6591.57973392104,1
129.954076336851,6594.91034027501,1
130.521012545391,6594.85483379554,1
130.62979606278,6595.96475475467,1
130.062980737866,6596.02029855905,1
130.281000875515,6598.24050285756,1
129.71359986783,6598.29629519631,1
129.932058204337,6600.51646301511,1
129.475195764464,6601.6821058259,1
130.241047894713,6609.45255072163,1
129.785965523119,6610.61864526154,1
128.420921305555,6614.11637043701,1
127.856847386985,6614.17234519219,1
127.403286958597,6615.33821974573,1
127.513839938368,6616.44850687676,1
126.949299592818,6616.5047629763,1
126.043942943715,6618.83738472463,1
125.479726209855,6618.8938709554,1
125.590988161976,6620.00356817243,1
125.139224177265,6621.17019492524,1
124.576280178826,6621.22676857052,1
124.124034846972,6622.39328422682,1
124.23587275568,6623.5033828093,1
123.785110129837,6624.66977087601,1
124.459376364724,6625.72286750867,1
124.571215269085,6626.8330721645,1
125.134194773268,6626.77634759324,1
125.807774580834,6627.82961840503,1
126.369738601507,6627.77327349031,1
127.043835940383,6628.82704398726,1
129.292037708317,6628.60266018706,1
129.96427211361,6629.65656026713,1
147.951531459464,6627.9129089928,1
147.494824306382,6629.07666316079,1
146.370616605649,6629.18324631245,1
145.91452456302,6630.34666470426,1
145.352075320318,6630.4002636952,1
144.896563450363,6631.56397447435,1
144.334351724777,6631.61764426704,1
143.879388258398,6632.78176815661,1
143.31829639395,6632.83560839279,1
143.531218066555,6635.05622371486,1
142.969605497087,6635.11007096381,1
143.076190482303,6636.22021241712,1
140.832872176949,6636.43645377367,1
139.818483317352,6637.6555756938,1
138.69764187535,6637.76445417137,1
137.684367351447,6638.98377762524,1
136.563038308408,6639.09345899247,1
135.550808574417,6640.31373968806,1
132.749657552984,6640.59007015123,1
132.078735293604,6639.5353617534,1
130.957423660456,6639.64676307417,1
130.286740885513,6638.59260854645,1
128.60482518936,6638.76063026128,1
127.933349289814,6637.70650053203,1
126.251023859332,6637.87545434516,1
126.699879223841,6636.70938205054,1
127.260532881603,6636.65303838965,1
127.149113295389,6635.54289825145,1
126.58833811724,6635.59920470554,1
126.476833822438,6634.48941630895,1
125.915902482927,6634.54580747766,1
125.242074638312,6633.49229063476,1
124.119827493827,6633.60548745667,1
123.445536114153,6632.55272838827,1
122.322045024899,6632.6666347815,1
122.43474842618,6633.77627339973,1
121.873638094359,6633.83327095357,1
122.547456862852,6634.88642154841,1
122.660182332159,6635.99605091279,1
122.099468450252,6636.05303381722,1
121.425597940827,6635.00052396263,1
119.180248511496,6635.2298775563,1
118.505460430732,6634.17735544428,1
114.014484161125,6634.64095620986,1
113.899248520927,6633.53147623171,1
113.338141186356,6633.58978815153,1
112.660463765149,6632.53877275402,1
111.983408343194,6631.48738496846,1
111.421953586444,6631.54598789678,1
110.743554835866,6630.49526210193,1
110.065624756756,6629.44425297484,1
109.503822549559,6629.50314680847,1
108.262709239461,6628.51181045165,1
107.582987236093,6627.46119585531,1
107.020834606413,6627.52038173592,1
106.34159828751,6626.47038653384,1
105.098649058647,6625.48005137772,1
104.536235570707,6625.53968135834,1
103.855060088931,6624.48965489369,1
103.292487274443,6624.54937043992,1
102.611797569285,6623.49996304389,1
102.048087105597,6623.56002656565,1
101.366827407496,6622.51031980985,1
100.240178507405,6622.63090241184,1
99.5583337553779,6621.58191978748,1
93.9244785720033,6622.19029883407,1
93.4821838032343,6623.36060493797,1
92.4769045339749,6624.59300892943,1
91.350646071756,6624.71622065453,1
90.3471833968958,6625.94862512592,1
89.7838421319695,6626.01051207621,1
88.7814290432822,6627.24386890811,1
87.7786511992714,6628.47715652658,1
87.215685109395,6628.53955072646,1
86.337977513222,6630.88253569136,1
85.8988176539564,6632.05402302188,1
85.4608825650276,6633.22583390098,1
84.8993920528961,6633.28851719832,1
84.4611305952492,6634.46012955307,1
83.899877184617,6634.52288488178,1
83.4630489771803,6635.69501226609,1
82.9010542027814,6635.75810230695,1
83.0255008820568,6636.86695982943,1
82.4647248349015,6636.92985793329,1
81.5921145749445,6639.27430433483,1
81.0316306274024,6639.337555292,1
80.5956280604347,6640.50968180009,1
78.9138361813029,6640.70015959401,1
78.4795945922525,6641.87303223306,1
77.9195150513989,6641.93667187623,1
78.0457654203084,6643.04537332716,1
76.9249519351588,6643.17314770415,1
77.0514843497573,6644.28231357934,1
76.4918505317189,6644.34621704079,1
76.6185232145183,6645.45490135159,1
76.1850160367254,6646.6281285587,1
76.3119888340599,6647.73675143763,1
75.7527146950356,6647.80077160427,1
75.8798218486286,6648.90942740633,1
74.2017907017214,6649.10224070851,1
73.7696777068157,6650.275737451,1
73.2107794821005,6650.34026608285,1
72.7800811705145,6651.51337038624,1
72.2204736329942,6651.57811355925,1
72.3488690374295,6652.68699367172,1
71.2318399361424,6652.81654921078,1
70.8013365214274,6653.98999322451,1
70.2429651448863,6654.0549492711,1
69.8138967122188,6655.22890911254,1
68.6967686628724,6655.35926215691,1
68.2674943749742,6656.53306433296,1
68.3972558996767,6657.64192927217,1
67.839536282176,6657.70734288974,1
67.4117164141564,6658.88114825957,1
66.9836003674562,6660.05514214593,1
66.4261157481498,6660.12063651573,1
66.5565894187669,6661.22942885602,1
65.999313619663,6661.29511502082,1
65.5720997724062,6662.46923624883,1
65.014908067524,6662.53508440618,1
64.0313825058931,6663.77569557258,1
63.4743933421535,6663.8417388217,1
63.0484100625619,6665.01621909815,1
62.6236219637695,6666.1911445221,1
61.6418773567544,6667.43202900562,1
61.0855404751997,6667.49853042055,1
60.6617487031408,6668.67322966461,1
60.1047345480391,6668.73982547401,1
59.2585439161538,6671.09001073941,1
58.8352325993252,6672.26551013201,1
58.2795777740987,6672.33235749894,1
57.4351538587679,6674.68306147442,1
57.5689756592421,6675.79119677388,1
57.013768603877,6675.85831568746,1
57.2819075322199,6678.0748323808,1
56.1715456368586,6678.20937502618,1
56.5746984557138,6681.53392207231,1
57.2631945876902,6682.57524563738,1
57.3975057866932,6683.68333647342,1
58.0863863757061,6684.72472745586,1
59.3285496561963,6685.69881727266,1
61.2567259160979,6687.71528116816,1
63.0502845572669,6688.62411148529,1
67.7409778714187,6690.31334355678,1
69.5314544126793,6691.22557500537,1
71.1904641507891,6691.0299944701,1
71.8734647782152,6692.0732870157,1
74.0854631808121,6691.81399330196,1
75.31997923838,6692.79379284122,1
76.9781014852783,6692.60073298375,1
78.2123434085994,6693.58095428544,1
79.3177108433493,6693.45297752092,1
80.5501573764444,6694.43400278948,1
81.2308568165649,6695.47943163385,1
81.7828953806348,6695.41585671491,1
82.4630218189642,6696.46098924904,1
83.0148681252549,6696.39762185351,1
83.6936487556399,6697.44341935126,1
84.2462493868122,6697.38011696649,1
84.9245467238306,6698.42577053998,1
85.3047066132116,6701.75260984578,1
85.9822511410234,6702.79827414042,1
86.108835872824,6703.90703139664,1
85.6849507696114,6705.07902555735,1
85.8117146360691,6706.18769308966,1
85.3883730426833,6707.35970583626,1
85.9385169082889,6707.2967510187,1
86.0653053008117,6708.40541219172,1
86.7419637322996,6709.45167741791,1
86.8686537644693,6710.56029489916,1
86.4457963674224,6711.73216425716,1
86.6994835158976,6713.94945899243,1
87.5020013643183,6716.10442386189,1
87.0801267602111,6717.27628691342,1
87.2070255167712,6718.38492115987,1
86.7856949837387,6719.55680337809,1
86.3638006202889,6720.72841939572,1
85.9432298907884,6721.89999807241,1
86.0706049162175,6723.009006313,1
85.7782547251258,6725.28955526617,1
85.3578264068543,6726.46131568026,1
85.4856503683163,6727.57029871119,1
85.0666814442707,6728.74205669686,1
84.518953086503,6728.8053727087,1
84.1004184062946,6729.97751727841,1
82.1709021513436,6732.44852470468,1
81.6237059463042,6732.5122695251,1
80.790372819704,6734.85711536379,1
81.0496611877523,6737.07449983502,1
82.3996311486973,6739.16424248384,1
82.9457489636744,6739.10057277194,1
83.6201989756136,6740.14599184015,1
83.2042119180448,6741.31792433145,1
82.7876881220569,6742.48998502837,1
81.9575406685479,6744.83462152405,1
82.2170857921072,6747.05184457573,1
82.8908946785147,6748.09703004375,1
82.3470118590369,6748.16068110269,1
81.3882971890991,6749.39673784927,1
80.9748247652193,6750.56898373342,1
80.4304426613821,6750.6330447074,1
81.0830902809695,6756.17605104556,1
81.7570716964057,6757.22043235807,1
81.8875129604468,6758.32924299644,1
82.5601674985208,6759.37377503579,1
82.0179721682804,6759.43753752874,1
82.1482905667447,6760.54591982474,1
81.0634356436618,6760.67373194499,1
80.6515341307442,6761.846540971,1
80.1096331428467,6761.91065993292,1
79.6990299145149,6763.08304694957,1
85.7670390218165,6767.98856957195,1
91.2795463477353,6772.96571221572,1
108.390003452921,6788.99388985373,1
125.771599650345,6803.93158434003,1
142.593964733202,6820.11437193145,1
193.459898333707,6865.63820905653,1
206.703424459082,6877.90590761278,1
210.13061236918,6880.96952027774,1
227.268580233098,6897.44710357957,1
233.444981232243,6902.87614787837,1
369.680005959274,6895.57189670099,1
